ID;NAME;TYPE;SRC;REFYEAR
18490453;ADECCO GROUP AG;FIN_REP;;
18490453;ADECCO GROUP AG;OTHER;;
18490453;ADECCO GROUP AG;OTHER;;
18490453;ADECCO GROUP AG;OTHER;;
18490453;ADECCO GROUP AG;OTHER;;
18490453;ADECCO GROUP AG;OTHER;;
18503381;JOHNSON CONTROLS INTERNATIONAL PUBLIC LIMITED COMPANY;FIN_REP;;
18503381;JOHNSON CONTROLS INTERNATIONAL PUBLIC LIMITED COMPANY;OTHER;;
18503381;JOHNSON CONTROLS INTERNATIONAL PUBLIC LIMITED COMPANY;OTHER;;
18503381;JOHNSON CONTROLS INTERNATIONAL PUBLIC LIMITED COMPANY;OTHER;;
18503381;JOHNSON CONTROLS INTERNATIONAL PUBLIC LIMITED COMPANY;OTHER;;
18503381;JOHNSON CONTROLS INTERNATIONAL PUBLIC LIMITED COMPANY;OTHER;;
18503440;MAGNA INTERNATIONAL INC;FIN_REP;;
18503440;MAGNA INTERNATIONAL INC;OTHER;;
18503440;MAGNA INTERNATIONAL INC;OTHER;;
18503440;MAGNA INTERNATIONAL INC;OTHER;;
18503440;MAGNA INTERNATIONAL INC;OTHER;;
18503440;MAGNA INTERNATIONAL INC;OTHER;;
18511746;PUBLICIS GROUPE S A;FIN_REP;;
18511746;PUBLICIS GROUPE S A;OTHER;;
18511746;PUBLICIS GROUPE S A;OTHER;;
18511746;PUBLICIS GROUPE S A;OTHER;;
18511746;PUBLICIS GROUPE S A;OTHER;;
18511746;PUBLICIS GROUPE S A;OTHER;;
18512048;GEBR. KNAUF;FIN_REP;;
18512048;GEBR. KNAUF;OTHER;;
18512048;GEBR. KNAUF;OTHER;;
18512048;GEBR. KNAUF;OTHER;;
18512048;GEBR. KNAUF;OTHER;;
18512048;GEBR. KNAUF;OTHER;;
18519151;BRIDGESTONE CORPORATION;FIN_REP;;
18519151;BRIDGESTONE CORPORATION;OTHER;;
18519151;BRIDGESTONE CORPORATION;OTHER;;
18519151;BRIDGESTONE CORPORATION;OTHER;;
18519151;BRIDGESTONE CORPORATION;OTHER;;
18519151;BRIDGESTONE CORPORATION;OTHER;;
18520469;FERRERO;FIN_REP;;
18520469;FERRERO;OTHER;;
18520469;FERRERO;OTHER;;
18520469;FERRERO;OTHER;;
18520469;FERRERO;OTHER;;
18520469;FERRERO;OTHER;;
18521399;SUMITOMO CORPORATION;FIN_REP;;
18521399;SUMITOMO CORPORATION;OTHER;;
18521399;SUMITOMO CORPORATION;OTHER;;
18521399;SUMITOMO CORPORATION;OTHER;;
18521399;SUMITOMO CORPORATION;OTHER;;
18521399;SUMITOMO CORPORATION;OTHER;;
18527213;COMPAGNIE DE SAINT GOBAIN;FIN_REP;;
18527213;COMPAGNIE DE SAINT GOBAIN;OTHER;;
18527213;COMPAGNIE DE SAINT GOBAIN;OTHER;;
18527213;COMPAGNIE DE SAINT GOBAIN;OTHER;;
18527213;COMPAGNIE DE SAINT GOBAIN;OTHER;;
18527213;COMPAGNIE DE SAINT GOBAIN;OTHER;;
18535882;ABBOTT LABORATORIES;FIN_REP;;
18535882;ABBOTT LABORATORIES;OTHER;;
18535882;ABBOTT LABORATORIES;OTHER;;
18535882;ABBOTT LABORATORIES;OTHER;;
18535882;ABBOTT LABORATORIES;OTHER;;
18535882;ABBOTT LABORATORIES;OTHER;;
18539093;BP P.L.C.;FIN_REP;;
18539093;BP P.L.C.;OTHER;;
18539093;BP P.L.C.;OTHER;;
18539093;BP P.L.C.;OTHER;;
18539093;BP P.L.C.;OTHER;;
18539093;BP P.L.C.;OTHER;;
18541762;ENGIE;FIN_REP;;
18541762;ENGIE;OTHER;;
18541762;ENGIE;OTHER;;
18541762;ENGIE;OTHER;;
18541762;ENGIE;OTHER;;
18541762;ENGIE;OTHER;;
18543139;DENTSU GROUP INC.;FIN_REP;;
18543139;DENTSU GROUP INC.;OTHER;;
18543139;DENTSU GROUP INC.;OTHER;;
18543139;DENTSU GROUP INC.;OTHER;;
18543139;DENTSU GROUP INC.;OTHER;;
18543139;DENTSU GROUP INC.;OTHER;;
18552002;THYSSENKRUPP;FIN_REP;;
18552002;THYSSENKRUPP;OTHER;;
18552002;THYSSENKRUPP;OTHER;;
18552002;THYSSENKRUPP;OTHER;;
18552002;THYSSENKRUPP;OTHER;;
18552002;THYSSENKRUPP;OTHER;;
18573648;VOESTALPINE GROUP;FIN_REP;;
18573648;VOESTALPINE GROUP;OTHER;;
18573648;VOESTALPINE GROUP;OTHER;;
18573648;VOESTALPINE GROUP;OTHER;;
18573648;VOESTALPINE GROUP;OTHER;;
18573648;VOESTALPINE GROUP;OTHER;;
18573835;ORANGE;FIN_REP;;
18573835;ORANGE;OTHER;;
18573835;ORANGE;OTHER;;
18573835;ORANGE;OTHER;;
18573835;ORANGE;OTHER;;
18573835;ORANGE;OTHER;;
18581640;ORACLE CORP;FIN_REP;;
18581640;ORACLE CORP;OTHER;;
18581640;ORACLE CORP;OTHER;;
18581640;ORACLE CORP;OTHER;;
18581640;ORACLE CORP;OTHER;;
18581640;ORACLE CORP;OTHER;;
18587386;ACCOR;FIN_REP;;
18587386;ACCOR;OTHER;;
18587386;ACCOR;OTHER;;
18587386;ACCOR;OTHER;;
18587386;ACCOR;OTHER;;
18587386;ACCOR;OTHER;;
18591402;PROCTER & GAMBLE CO;FIN_REP;;
18591402;PROCTER & GAMBLE CO;OTHER;;
18591402;PROCTER & GAMBLE CO;OTHER;;
18591402;PROCTER & GAMBLE CO;OTHER;;
18591402;PROCTER & GAMBLE CO;OTHER;;
18591402;PROCTER & GAMBLE CO;OTHER;;
18599238;FCC;FIN_REP;;
18599238;FCC;OTHER;;
18599238;FCC;OTHER;;
18599238;FCC;OTHER;;
18599238;FCC;OTHER;;
18599238;FCC;OTHER;;
18606822;SOCIETE NATIONALE SNCF;FIN_REP;;
18606822;SOCIETE NATIONALE SNCF;OTHER;;
18606822;SOCIETE NATIONALE SNCF;OTHER;;
18606822;SOCIETE NATIONALE SNCF;OTHER;;
18606822;SOCIETE NATIONALE SNCF;OTHER;;
18606822;SOCIETE NATIONALE SNCF;OTHER;;
18611599;ATLAS COPCO AKTIEBOLAG;FIN_REP;;
18611599;ATLAS COPCO AKTIEBOLAG;OTHER;;
18611599;ATLAS COPCO AKTIEBOLAG;OTHER;;
18611599;ATLAS COPCO AKTIEBOLAG;OTHER;;
18611599;ATLAS COPCO AKTIEBOLAG;OTHER;;
18611599;ATLAS COPCO AKTIEBOLAG;OTHER;;
18618947;AKTIEBOLAGET SKF;FIN_REP;;
18618947;AKTIEBOLAGET SKF;OTHER;;
18618947;AKTIEBOLAGET SKF;OTHER;;
18618947;AKTIEBOLAGET SKF;OTHER;;
18618947;AKTIEBOLAGET SKF;OTHER;;
18618947;AKTIEBOLAGET SKF;OTHER;;
18622186;JOHN WOOD GROUP PLC;FIN_REP;;
18622186;JOHN WOOD GROUP PLC;OTHER;;
18622186;JOHN WOOD GROUP PLC;OTHER;;
18622186;JOHN WOOD GROUP PLC;OTHER;;
18622186;JOHN WOOD GROUP PLC;OTHER;;
18622186;JOHN WOOD GROUP PLC;OTHER;;
18627417;FUJITSU LIMITED;FIN_REP;;
18627417;FUJITSU LIMITED;OTHER;;
18627417;FUJITSU LIMITED;OTHER;;
18627417;FUJITSU LIMITED;OTHER;;
18627417;FUJITSU LIMITED;OTHER;;
18627417;FUJITSU LIMITED;OTHER;;
18629376;CRH PLC;FIN_REP;;
18629376;CRH PLC;OTHER;;
18629376;CRH PLC;OTHER;;
18629376;CRH PLC;OTHER;;
18629376;CRH PLC;OTHER;;
18629376;CRH PLC;OTHER;;
18632343;DEUTSCHE BAHN;FIN_REP;;
18632343;DEUTSCHE BAHN;OTHER;;
18632343;DEUTSCHE BAHN;OTHER;;
18632343;DEUTSCHE BAHN;OTHER;;
18632343;DEUTSCHE BAHN;OTHER;;
18632343;DEUTSCHE BAHN;OTHER;;
18636888;CARGILL;FIN_REP;;
18636888;CARGILL;OTHER;;
18636888;CARGILL;OTHER;;
18636888;CARGILL;OTHER;;
18636888;CARGILL;OTHER;;
18636888;CARGILL;OTHER;;
18644473;WARNER BROS. DISCOVERY INC.;FIN_REP;;
18644473;WARNER BROS. DISCOVERY INC.;OTHER;;
18644473;WARNER BROS. DISCOVERY INC.;OTHER;;
18644473;WARNER BROS. DISCOVERY INC.;OTHER;;
18644473;WARNER BROS. DISCOVERY INC.;OTHER;;
18644473;WARNER BROS. DISCOVERY INC.;OTHER;;
18646411;GENERAL ELECTRIC COMPANY;FIN_REP;;
18646411;GENERAL ELECTRIC COMPANY;OTHER;;
18646411;GENERAL ELECTRIC COMPANY;OTHER;;
18646411;GENERAL ELECTRIC COMPANY;OTHER;;
18646411;GENERAL ELECTRIC COMPANY;OTHER;;
18646411;GENERAL ELECTRIC COMPANY;OTHER;;
18648074;SAFRAN;FIN_REP;;
18648074;SAFRAN;OTHER;;
18648074;SAFRAN;OTHER;;
18648074;SAFRAN;OTHER;;
18648074;SAFRAN;OTHER;;
18648074;SAFRAN;OTHER;;
18658675;BASF;FIN_REP;;
18658675;BASF;OTHER;;
18658675;BASF;OTHER;;
18658675;BASF;OTHER;;
18658675;BASF;OTHER;;
18658675;BASF;OTHER;;
18665236;APTIV PLC;FIN_REP;;
18665236;APTIV PLC;OTHER;;
18665236;APTIV PLC;OTHER;;
18665236;APTIV PLC;OTHER;;
18665236;APTIV PLC;OTHER;;
18665236;APTIV PLC;OTHER;;
18673760;WPP PLC;FIN_REP;;
18673760;WPP PLC;OTHER;;
18673760;WPP PLC;OTHER;;
18673760;WPP PLC;OTHER;;
18673760;WPP PLC;OTHER;;
18673760;WPP PLC;OTHER;;
18685228;GI GROUP;FIN_REP;;
18685228;GI GROUP;OTHER;;
18685228;GI GROUP;OTHER;;
18685228;GI GROUP;OTHER;;
18685228;GI GROUP;OTHER;;
18685228;GI GROUP;OTHER;;
18686668;ACCIONA;FIN_REP;;
18686668;ACCIONA;OTHER;;
18686668;ACCIONA;OTHER;;
18686668;ACCIONA;OTHER;;
18686668;ACCIONA;OTHER;;
18686668;ACCIONA;OTHER;;
18691645;FLETCHER GROUP;FIN_REP;;
18691645;FLETCHER GROUP;OTHER;;
18691645;FLETCHER GROUP;OTHER;;
18691645;FLETCHER GROUP;OTHER;;
18691645;FLETCHER GROUP;OTHER;;
18691645;FLETCHER GROUP;OTHER;;
18694033;SODEXO;FIN_REP;;
18694033;SODEXO;OTHER;;
18694033;SODEXO;OTHER;;
18694033;SODEXO;OTHER;;
18694033;SODEXO;OTHER;;
18694033;SODEXO;OTHER;;
18700025;ADVANCE PROPERTIES;FIN_REP;;
18700025;ADVANCE PROPERTIES;OTHER;;
18700025;ADVANCE PROPERTIES;OTHER;;
18700025;ADVANCE PROPERTIES;OTHER;;
18700025;ADVANCE PROPERTIES;OTHER;;
18700025;ADVANCE PROPERTIES;OTHER;;
18705450;AKZO NOBEL NV;FIN_REP;;
18705450;AKZO NOBEL NV;OTHER;;
18705450;AKZO NOBEL NV;OTHER;;
18705450;AKZO NOBEL NV;OTHER;;
18705450;AKZO NOBEL NV;OTHER;;
18705450;AKZO NOBEL NV;OTHER;;
18709351;DIOR;FIN_REP;;
18709351;DIOR;OTHER;;
18709351;DIOR;OTHER;;
18709351;DIOR;OTHER;;
18709351;DIOR;OTHER;;
18709351;DIOR;OTHER;;
18712196;AMAZON;FIN_REP;;
18712196;AMAZON;OTHER;;
18712196;AMAZON;OTHER;;
18712196;AMAZON;OTHER;;
18712196;AMAZON;OTHER;;
18712196;AMAZON;OTHER;;
18715555;SONY GROUP CORPORATION;FIN_REP;;
18715555;SONY GROUP CORPORATION;OTHER;;
18715555;SONY GROUP CORPORATION;OTHER;;
18715555;SONY GROUP CORPORATION;OTHER;;
18715555;SONY GROUP CORPORATION;OTHER;;
18715555;SONY GROUP CORPORATION;OTHER;;
18718848;SONOVA;FIN_REP;;
18718848;SONOVA;OTHER;;
18718848;SONOVA;OTHER;;
18718848;SONOVA;OTHER;;
18718848;SONOVA;OTHER;;
18718848;SONOVA;OTHER;;
18731292;IKEA;FIN_REP;;
18731292;IKEA;OTHER;;
18731292;IKEA;OTHER;;
18731292;IKEA;OTHER;;
18731292;IKEA;OTHER;;
18731292;IKEA;OTHER;;
18736044;SECURITAS AB;FIN_REP;;
18736044;SECURITAS AB;OTHER;;
18736044;SECURITAS AB;OTHER;;
18736044;SECURITAS AB;OTHER;;
18736044;SECURITAS AB;OTHER;;
18736044;SECURITAS AB;OTHER;;
18742207;AIRBUS SE;FIN_REP;;
18742207;AIRBUS SE;OTHER;;
18742207;AIRBUS SE;OTHER;;
18742207;AIRBUS SE;OTHER;;
18742207;AIRBUS SE;OTHER;;
18742207;AIRBUS SE;OTHER;;
18745703;ETEX;FIN_REP;;
18745703;ETEX;OTHER;;
18745703;ETEX;OTHER;;
18745703;ETEX;OTHER;;
18745703;ETEX;OTHER;;
18745703;ETEX;OTHER;;
18748693;SIEMENS;FIN_REP;;
18748693;SIEMENS;OTHER;;
18748693;SIEMENS;OTHER;;
18748693;SIEMENS;OTHER;;
18748693;SIEMENS;OTHER;;
18748693;SIEMENS;OTHER;;
18754669;VODAFONE GROUP PLC;FIN_REP;;
18754669;VODAFONE GROUP PLC;OTHER;;
18754669;VODAFONE GROUP PLC;OTHER;;
18754669;VODAFONE GROUP PLC;OTHER;;
18754669;VODAFONE GROUP PLC;OTHER;;
18754669;VODAFONE GROUP PLC;OTHER;;
18755204;HBIS GROUP CO. LTD.;FIN_REP;;
18755204;HBIS GROUP CO. LTD.;OTHER;;
18755204;HBIS GROUP CO. LTD.;OTHER;;
18755204;HBIS GROUP CO. LTD.;OTHER;;
18755204;HBIS GROUP CO. LTD.;OTHER;;
18755204;HBIS GROUP CO. LTD.;OTHER;;
18761094;MOL HUNGARIAN OIL AND GAS;FIN_REP;;
18761094;MOL HUNGARIAN OIL AND GAS;OTHER;;
18761094;MOL HUNGARIAN OIL AND GAS;OTHER;;
18761094;MOL HUNGARIAN OIL AND GAS;OTHER;;
18761094;MOL HUNGARIAN OIL AND GAS;OTHER;;
18761094;MOL HUNGARIAN OIL AND GAS;OTHER;;
18763081;DSV A/S;FIN_REP;;
18763081;DSV A/S;OTHER;;
18763081;DSV A/S;OTHER;;
18763081;DSV A/S;OTHER;;
18763081;DSV A/S;OTHER;;
18763081;DSV A/S;OTHER;;
18767600;KRONES;FIN_REP;;
18767600;KRONES;OTHER;;
18767600;KRONES;OTHER;;
18767600;KRONES;OTHER;;
18767600;KRONES;OTHER;;
18767600;KRONES;OTHER;;
18773773;KONECRANES;FIN_REP;;
18773773;KONECRANES;OTHER;;
18773773;KONECRANES;OTHER;;
18773773;KONECRANES;OTHER;;
18773773;KONECRANES;OTHER;;
18773773;KONECRANES;OTHER;;
18774479;SANDVIK AKTIEBOLAG;FIN_REP;;
18774479;SANDVIK AKTIEBOLAG;OTHER;;
18774479;SANDVIK AKTIEBOLAG;OTHER;;
18774479;SANDVIK AKTIEBOLAG;OTHER;;
18774479;SANDVIK AKTIEBOLAG;OTHER;;
18774479;SANDVIK AKTIEBOLAG;OTHER;;
18774712;SKANSKA AB;FIN_REP;;
18774712;SKANSKA AB;OTHER;;
18774712;SKANSKA AB;OTHER;;
18774712;SKANSKA AB;OTHER;;
18774712;SKANSKA AB;OTHER;;
18774712;SKANSKA AB;OTHER;;
18774867;SANOFI;FIN_REP;;
18774867;SANOFI;OTHER;;
18774867;SANOFI;OTHER;;
18774867;SANOFI;OTHER;;
18774867;SANOFI;OTHER;;
18774867;SANOFI;OTHER;;
18778752;WURTH;FIN_REP;;
18778752;WURTH;OTHER;;
18778752;WURTH;OTHER;;
18778752;WURTH;OTHER;;
18778752;WURTH;OTHER;;
18778752;WURTH;OTHER;;
18784770;AKTIEBOLAGET VOLVO;FIN_REP;;
18784770;AKTIEBOLAGET VOLVO;OTHER;;
18784770;AKTIEBOLAGET VOLVO;OTHER;;
18784770;AKTIEBOLAGET VOLVO;OTHER;;
18784770;AKTIEBOLAGET VOLVO;OTHER;;
18784770;AKTIEBOLAGET VOLVO;OTHER;;
18796310;TOTALENERGIES SE;FIN_REP;;
18796310;TOTALENERGIES SE;OTHER;;
18796310;TOTALENERGIES SE;OTHER;;
18796310;TOTALENERGIES SE;OTHER;;
18796310;TOTALENERGIES SE;OTHER;;
18796310;TOTALENERGIES SE;OTHER;;
18802249;BRITISH AMERICAN TOBACCO PLC;FIN_REP;;
18802249;BRITISH AMERICAN TOBACCO PLC;OTHER;;
18802249;BRITISH AMERICAN TOBACCO PLC;OTHER;;
18802249;BRITISH AMERICAN TOBACCO PLC;OTHER;;
18802249;BRITISH AMERICAN TOBACCO PLC;OTHER;;
18802249;BRITISH AMERICAN TOBACCO PLC;OTHER;;
18803013;NIPPON STEEL CORPORATION;FIN_REP;;
18803013;NIPPON STEEL CORPORATION;OTHER;;
18803013;NIPPON STEEL CORPORATION;OTHER;;
18803013;NIPPON STEEL CORPORATION;OTHER;;
18803013;NIPPON STEEL CORPORATION;OTHER;;
18803013;NIPPON STEEL CORPORATION;OTHER;;
18805524;KONINKLIJKE AHOLD DELHAIZE NV;FIN_REP;;
18805524;KONINKLIJKE AHOLD DELHAIZE NV;OTHER;;
18805524;KONINKLIJKE AHOLD DELHAIZE NV;OTHER;;
18805524;KONINKLIJKE AHOLD DELHAIZE NV;OTHER;;
18805524;KONINKLIJKE AHOLD DELHAIZE NV;OTHER;;
18805524;KONINKLIJKE AHOLD DELHAIZE NV;OTHER;;
18808977;PFIZER INC;FIN_REP;;
18808977;PFIZER INC;OTHER;;
18808977;PFIZER INC;OTHER;;
18808977;PFIZER INC;OTHER;;
18808977;PFIZER INC;OTHER;;
18808977;PFIZER INC;OTHER;;
18812865;COCA-COLA COMPANY (THE);FIN_REP;;
18812865;COCA-COLA COMPANY (THE);OTHER;;
18812865;COCA-COLA COMPANY (THE);OTHER;;
18812865;COCA-COLA COMPANY (THE);OTHER;;
18812865;COCA-COLA COMPANY (THE);OTHER;;
18812865;COCA-COLA COMPANY (THE);OTHER;;
18813820;CATERPILLAR INC;FIN_REP;;
18813820;CATERPILLAR INC;OTHER;;
18813820;CATERPILLAR INC;OTHER;;
18813820;CATERPILLAR INC;OTHER;;
18813820;CATERPILLAR INC;OTHER;;
18813820;CATERPILLAR INC;OTHER;;
18818179;HARTMANN;FIN_REP;;
18818179;HARTMANN;OTHER;;
18818179;HARTMANN;OTHER;;
18818179;HARTMANN;OTHER;;
18818179;HARTMANN;OTHER;;
18818179;HARTMANN;OTHER;;
18818842;IWG PLC;FIN_REP;;
18818842;IWG PLC;OTHER;;
18818842;IWG PLC;OTHER;;
18818842;IWG PLC;OTHER;;
18818842;IWG PLC;OTHER;;
18818842;IWG PLC;OTHER;;
18831586;SAP;FIN_REP;;
18831586;SAP;OTHER;;
18831586;SAP;OTHER;;
18831586;SAP;OTHER;;
18831586;SAP;OTHER;;
18831586;SAP;OTHER;;
18839233;ORKLA ASA;FIN_REP;;
18839233;ORKLA ASA;OTHER;;
18839233;ORKLA ASA;OTHER;;
18839233;ORKLA ASA;OTHER;;
18839233;ORKLA ASA;OTHER;;
18839233;ORKLA ASA;OTHER;;
18850720;ENEL SPA;FIN_REP;;
18850720;ENEL SPA;OTHER;;
18850720;ENEL SPA;OTHER;;
18850720;ENEL SPA;OTHER;;
18850720;ENEL SPA;OTHER;;
18850720;ENEL SPA;OTHER;;
18853782;SHV HOLDINGS NV;FIN_REP;;
18853782;SHV HOLDINGS NV;OTHER;;
18853782;SHV HOLDINGS NV;OTHER;;
18853782;SHV HOLDINGS NV;OTHER;;
18853782;SHV HOLDINGS NV;OTHER;;
18853782;SHV HOLDINGS NV;OTHER;;
18854880;BMW;FIN_REP;;
18854880;BMW;OTHER;;
18854880;BMW;OTHER;;
18854880;BMW;OTHER;;
18854880;BMW;OTHER;;
18854880;BMW;OTHER;;
18858533;THALES;FIN_REP;;
18858533;THALES;OTHER;;
18858533;THALES;OTHER;;
18858533;THALES;OTHER;;
18858533;THALES;OTHER;;
18858533;THALES;OTHER;;
18860034;SIGNIFY NV;FIN_REP;;
18860034;SIGNIFY NV;OTHER;;
18860034;SIGNIFY NV;OTHER;;
18860034;SIGNIFY NV;OTHER;;
18860034;SIGNIFY NV;OTHER;;
18860034;SIGNIFY NV;OTHER;;
18864084;3I GROUP PLC;FIN_REP;;
18864084;3I GROUP PLC;OTHER;;
18864084;3I GROUP PLC;OTHER;;
18864084;3I GROUP PLC;OTHER;;
18864084;3I GROUP PLC;OTHER;;
18864084;3I GROUP PLC;OTHER;;
18876900;BAYER;FIN_REP;;
18876900;BAYER;OTHER;;
18876900;BAYER;OTHER;;
18876900;BAYER;OTHER;;
18876900;BAYER;OTHER;;
18876900;BAYER;OTHER;;
18877286;AKTIEBOLAGET ELECTROLUX;FIN_REP;;
18877286;AKTIEBOLAGET ELECTROLUX;OTHER;;
18877286;AKTIEBOLAGET ELECTROLUX;OTHER;;
18877286;AKTIEBOLAGET ELECTROLUX;OTHER;;
18877286;AKTIEBOLAGET ELECTROLUX;OTHER;;
18877286;AKTIEBOLAGET ELECTROLUX;OTHER;;
18886469;VEOLIA ENVIRONNEMENT;FIN_REP;;
18886469;VEOLIA ENVIRONNEMENT;OTHER;;
18886469;VEOLIA ENVIRONNEMENT;OTHER;;
18886469;VEOLIA ENVIRONNEMENT;OTHER;;
18886469;VEOLIA ENVIRONNEMENT;OTHER;;
18886469;VEOLIA ENVIRONNEMENT;OTHER;;
18898974;TUI;FIN_REP;;
18898974;TUI;OTHER;;
18898974;TUI;OTHER;;
18898974;TUI;OTHER;;
18898974;TUI;OTHER;;
18898974;TUI;OTHER;;
18901386;ASSA ABLOY AB;FIN_REP;;
18901386;ASSA ABLOY AB;OTHER;;
18901386;ASSA ABLOY AB;OTHER;;
18901386;ASSA ABLOY AB;OTHER;;
18901386;ASSA ABLOY AB;OTHER;;
18901386;ASSA ABLOY AB;OTHER;;
18908258;RANDSTAD NV;FIN_REP;;
18908258;RANDSTAD NV;OTHER;;
18908258;RANDSTAD NV;OTHER;;
18908258;RANDSTAD NV;OTHER;;
18908258;RANDSTAD NV;OTHER;;
18908258;RANDSTAD NV;OTHER;;
18918108;NV BEKAERT SA;FIN_REP;;
18918108;NV BEKAERT SA;OTHER;;
18918108;NV BEKAERT SA;OTHER;;
18918108;NV BEKAERT SA;OTHER;;
18918108;NV BEKAERT SA;OTHER;;
18918108;NV BEKAERT SA;OTHER;;
18919705;MANPOWERGROUP INC.;FIN_REP;;
18919705;MANPOWERGROUP INC.;OTHER;;
18919705;MANPOWERGROUP INC.;OTHER;;
18919705;MANPOWERGROUP INC.;OTHER;;
18919705;MANPOWERGROUP INC.;OTHER;;
18919705;MANPOWERGROUP INC.;OTHER;;
18928008;PARAMOUNT GLOBAL;FIN_REP;;
18928008;PARAMOUNT GLOBAL;OTHER;;
18928008;PARAMOUNT GLOBAL;OTHER;;
18928008;PARAMOUNT GLOBAL;OTHER;;
18928008;PARAMOUNT GLOBAL;OTHER;;
18928008;PARAMOUNT GLOBAL;OTHER;;
18930611;GLENCORE PLC;FIN_REP;;
18930611;GLENCORE PLC;OTHER;;
18930611;GLENCORE PLC;OTHER;;
18930611;GLENCORE PLC;OTHER;;
18930611;GLENCORE PLC;OTHER;;
18930611;GLENCORE PLC;OTHER;;
18931004;DEUTSCHE LUFTHANSA;FIN_REP;;
18931004;DEUTSCHE LUFTHANSA;OTHER;;
18931004;DEUTSCHE LUFTHANSA;OTHER;;
18931004;DEUTSCHE LUFTHANSA;OTHER;;
18931004;DEUTSCHE LUFTHANSA;OTHER;;
18931004;DEUTSCHE LUFTHANSA;OTHER;;
18935271;TELEFONAKTIEBOLAGET LM ERICSSON;FIN_REP;;
18935271;TELEFONAKTIEBOLAGET LM ERICSSON;OTHER;;
18935271;TELEFONAKTIEBOLAGET LM ERICSSON;OTHER;;
18935271;TELEFONAKTIEBOLAGET LM ERICSSON;OTHER;;
18935271;TELEFONAKTIEBOLAGET LM ERICSSON;OTHER;;
18935271;TELEFONAKTIEBOLAGET LM ERICSSON;OTHER;;
18940840;ABB LTD;FIN_REP;;
18940840;ABB LTD;OTHER;;
18940840;ABB LTD;OTHER;;
18940840;ABB LTD;OTHER;;
18940840;ABB LTD;OTHER;;
18940840;ABB LTD;OTHER;;
18942704;HP INC.;FIN_REP;;
18942704;HP INC.;OTHER;;
18942704;HP INC.;OTHER;;
18942704;HP INC.;OTHER;;
18942704;HP INC.;OTHER;;
18942704;HP INC.;OTHER;;
18947387;CAPGEMINI;FIN_REP;;
18947387;CAPGEMINI;OTHER;;
18947387;CAPGEMINI;OTHER;;
18947387;CAPGEMINI;OTHER;;
18947387;CAPGEMINI;OTHER;;
18947387;CAPGEMINI;OTHER;;
18953431;MERCK GROUP;FIN_REP;;
18953431;MERCK GROUP;OTHER;;
18953431;MERCK GROUP;OTHER;;
18953431;MERCK GROUP;OTHER;;
18953431;MERCK GROUP;OTHER;;
18953431;MERCK GROUP;OTHER;;
18953450;BPOST;FIN_REP;;
18953450;BPOST;OTHER;;
18953450;BPOST;OTHER;;
18953450;BPOST;OTHER;;
18953450;BPOST;OTHER;;
18953450;BPOST;OTHER;;
18957222;SYNLAB;FIN_REP;;
18957222;SYNLAB;OTHER;;
18957222;SYNLAB;OTHER;;
18957222;SYNLAB;OTHER;;
18957222;SYNLAB;OTHER;;
18957222;SYNLAB;OTHER;;
18959709;L AIR LIQUIDE;FIN_REP;;
18959709;L AIR LIQUIDE;OTHER;;
18959709;L AIR LIQUIDE;OTHER;;
18959709;L AIR LIQUIDE;OTHER;;
18959709;L AIR LIQUIDE;OTHER;;
18959709;L AIR LIQUIDE;OTHER;;
18959832;MOEVE;FIN_REP;;
18959832;MOEVE;OTHER;;
18959832;MOEVE;OTHER;;
18959832;MOEVE;OTHER;;
18959832;MOEVE;OTHER;;
18959832;MOEVE;OTHER;;
18967691;GOODYEAR TIRE & RUBBER CO;FIN_REP;;
18967691;GOODYEAR TIRE & RUBBER CO;OTHER;;
18967691;GOODYEAR TIRE & RUBBER CO;OTHER;;
18967691;GOODYEAR TIRE & RUBBER CO;OTHER;;
18967691;GOODYEAR TIRE & RUBBER CO;OTHER;;
18967691;GOODYEAR TIRE & RUBBER CO;OTHER;;
18970979;BROOKFIELD CORPORATION;FIN_REP;;
18970979;BROOKFIELD CORPORATION;OTHER;;
18970979;BROOKFIELD CORPORATION;OTHER;;
18970979;BROOKFIELD CORPORATION;OTHER;;
18970979;BROOKFIELD CORPORATION;OTHER;;
18970979;BROOKFIELD CORPORATION;OTHER;;
18974095;UMICORE;FIN_REP;;
18974095;UMICORE;OTHER;;
18974095;UMICORE;OTHER;;
18974095;UMICORE;OTHER;;
18974095;UMICORE;OTHER;;
18974095;UMICORE;OTHER;;
18976475;KONE;FIN_REP;;
18976475;KONE;OTHER;;
18976475;KONE;OTHER;;
18976475;KONE;OTHER;;
18976475;KONE;OTHER;;
18976475;KONE;OTHER;;
18980415;MICROSOFT CORPORATION;FIN_REP;;
18980415;MICROSOFT CORPORATION;OTHER;;
18980415;MICROSOFT CORPORATION;OTHER;;
18980415;MICROSOFT CORPORATION;OTHER;;
18980415;MICROSOFT CORPORATION;OTHER;;
18980415;MICROSOFT CORPORATION;OTHER;;
18981199;GSK PLC;FIN_REP;;
18981199;GSK PLC;OTHER;;
18981199;GSK PLC;OTHER;;
18981199;GSK PLC;OTHER;;
18981199;GSK PLC;OTHER;;
18981199;GSK PLC;OTHER;;
18984365;NOKIA;FIN_REP;;
18984365;NOKIA;OTHER;;
18984365;NOKIA;OTHER;;
18984365;NOKIA;OTHER;;
18984365;NOKIA;OTHER;;
18984365;NOKIA;OTHER;;
18984744;MONDELEZ INTERNATIONAL INC.;FIN_REP;;
18984744;MONDELEZ INTERNATIONAL INC.;OTHER;;
18984744;MONDELEZ INTERNATIONAL INC.;OTHER;;
18984744;MONDELEZ INTERNATIONAL INC.;OTHER;;
18984744;MONDELEZ INTERNATIONAL INC.;OTHER;;
18984744;MONDELEZ INTERNATIONAL INC.;OTHER;;
18986164;TELEFONICA;FIN_REP;;
18986164;TELEFONICA;OTHER;;
18986164;TELEFONICA;OTHER;;
18986164;TELEFONICA;OTHER;;
18986164;TELEFONICA;OTHER;;
18986164;TELEFONICA;OTHER;;
18987927;ENI S P A;FIN_REP;;
18987927;ENI S P A;OTHER;;
18987927;ENI S P A;OTHER;;
18987927;ENI S P A;OTHER;;
18987927;ENI S P A;OTHER;;
18987927;ENI S P A;OTHER;;
18988574;ARCELORMITTAL;FIN_REP;;
18988574;ARCELORMITTAL;OTHER;;
18988574;ARCELORMITTAL;OTHER;;
18988574;ARCELORMITTAL;OTHER;;
18988574;ARCELORMITTAL;OTHER;;
18988574;ARCELORMITTAL;OTHER;;
18990015;HEIDELBERGCEMENT;FIN_REP;;
18990015;HEIDELBERGCEMENT;OTHER;;
18990015;HEIDELBERGCEMENT;OTHER;;
18990015;HEIDELBERGCEMENT;OTHER;;
18990015;HEIDELBERGCEMENT;OTHER;;
18990015;HEIDELBERGCEMENT;OTHER;;
18990928;INTERNATIONAL BUSINESS MACHINES CORP(IBM);FIN_REP;;
18990928;INTERNATIONAL BUSINESS MACHINES CORP(IBM);OTHER;;
18990928;INTERNATIONAL BUSINESS MACHINES CORP(IBM);OTHER;;
18990928;INTERNATIONAL BUSINESS MACHINES CORP(IBM);OTHER;;
18990928;INTERNATIONAL BUSINESS MACHINES CORP(IBM);OTHER;;
18990928;INTERNATIONAL BUSINESS MACHINES CORP(IBM);OTHER;;
18997891;MEDTRONIC PLC;FIN_REP;;
18997891;MEDTRONIC PLC;OTHER;;
18997891;MEDTRONIC PLC;OTHER;;
18997891;MEDTRONIC PLC;OTHER;;
18997891;MEDTRONIC PLC;OTHER;;
18997891;MEDTRONIC PLC;OTHER;;
19004631;NESTLE S.A.;FIN_REP;;
19004631;NESTLE S.A.;OTHER;;
19004631;NESTLE S.A.;OTHER;;
19004631;NESTLE S.A.;OTHER;;
19004631;NESTLE S.A.;OTHER;;
19004631;NESTLE S.A.;OTHER;;
19011564;SODIM;FIN_REP;;
19011564;SODIM;OTHER;;
19011564;SODIM;OTHER;;
19011564;SODIM;OTHER;;
19011564;SODIM;OTHER;;
19011564;SODIM;OTHER;;
19013259;META PLATFORMS INC.;FIN_REP;;
19013259;META PLATFORMS INC.;OTHER;;
19013259;META PLATFORMS INC.;OTHER;;
19013259;META PLATFORMS INC.;OTHER;;
19013259;META PLATFORMS INC.;OTHER;;
19013259;META PLATFORMS INC.;OTHER;;
19017221;NOVOMATIC GROUP;FIN_REP;;
19017221;NOVOMATIC GROUP;OTHER;;
19017221;NOVOMATIC GROUP;OTHER;;
19017221;NOVOMATIC GROUP;OTHER;;
19017221;NOVOMATIC GROUP;OTHER;;
19017221;NOVOMATIC GROUP;OTHER;;
19019578;HUSQVARNA AB;FIN_REP;;
19019578;HUSQVARNA AB;OTHER;;
19019578;HUSQVARNA AB;OTHER;;
19019578;HUSQVARNA AB;OTHER;;
19019578;HUSQVARNA AB;OTHER;;
19019578;HUSQVARNA AB;OTHER;;
19031780;WALT DISNEY COMPANY (THE);FIN_REP;;
19031780;WALT DISNEY COMPANY (THE);OTHER;;
19031780;WALT DISNEY COMPANY (THE);OTHER;;
19031780;WALT DISNEY COMPANY (THE);OTHER;;
19031780;WALT DISNEY COMPANY (THE);OTHER;;
19031780;WALT DISNEY COMPANY (THE);OTHER;;
19032544;RETHMANN;FIN_REP;;
19032544;RETHMANN;OTHER;;
19032544;RETHMANN;OTHER;;
19032544;RETHMANN;OTHER;;
19032544;RETHMANN;OTHER;;
19032544;RETHMANN;OTHER;;
19032847;MITSUI & CO LTD;FIN_REP;;
19032847;MITSUI & CO LTD;OTHER;;
19032847;MITSUI & CO LTD;OTHER;;
19032847;MITSUI & CO LTD;OTHER;;
19032847;MITSUI & CO LTD;OTHER;;
19032847;MITSUI & CO LTD;OTHER;;
19037620;JBS S.A.;FIN_REP;;
19037620;JBS S.A.;OTHER;;
19037620;JBS S.A.;OTHER;;
19037620;JBS S.A.;OTHER;;
19037620;JBS S.A.;OTHER;;
19037620;JBS S.A.;OTHER;;
19037648;H & M HENNES & MAURITZ;FIN_REP;;
19037648;H & M HENNES & MAURITZ;OTHER;;
19037648;H & M HENNES & MAURITZ;OTHER;;
19037648;H & M HENNES & MAURITZ;OTHER;;
19037648;H & M HENNES & MAURITZ;OTHER;;
19037648;H & M HENNES & MAURITZ;OTHER;;
19041196;MERCEDES-BENZ GROUP;FIN_REP;;
19041196;MERCEDES-BENZ GROUP;OTHER;;
19041196;MERCEDES-BENZ GROUP;OTHER;;
19041196;MERCEDES-BENZ GROUP;OTHER;;
19041196;MERCEDES-BENZ GROUP;OTHER;;
19041196;MERCEDES-BENZ GROUP;OTHER;;
19041914;PEPSICO INC;FIN_REP;;
19041914;PEPSICO INC;OTHER;;
19041914;PEPSICO INC;OTHER;;
19041914;PEPSICO INC;OTHER;;
19041914;PEPSICO INC;OTHER;;
19041914;PEPSICO INC;OTHER;;
19042061;COMPASS GROUP PLC;FIN_REP;;
19042061;COMPASS GROUP PLC;OTHER;;
19042061;COMPASS GROUP PLC;OTHER;;
19042061;COMPASS GROUP PLC;OTHER;;
19042061;COMPASS GROUP PLC;OTHER;;
19042061;COMPASS GROUP PLC;OTHER;;
19044103;ATOS SE;FIN_REP;;
19044103;ATOS SE;OTHER;;
19044103;ATOS SE;OTHER;;
19044103;ATOS SE;OTHER;;
19044103;ATOS SE;OTHER;;
19044103;ATOS SE;OTHER;;
19044732;VOLKSWAGEN;FIN_REP;;
19044732;VOLKSWAGEN;OTHER;;
19044732;VOLKSWAGEN;OTHER;;
19044732;VOLKSWAGEN;OTHER;;
19044732;VOLKSWAGEN;OTHER;;
19044732;VOLKSWAGEN;OTHER;;
19045186;TOYOTA MOTOR CORPORATION;FIN_REP;;
19045186;TOYOTA MOTOR CORPORATION;OTHER;;
19045186;TOYOTA MOTOR CORPORATION;OTHER;;
19045186;TOYOTA MOTOR CORPORATION;OTHER;;
19045186;TOYOTA MOTOR CORPORATION;OTHER;;
19045186;TOYOTA MOTOR CORPORATION;OTHER;;
19050011;DEUTSCHE TELEKOM;FIN_REP;;
19050011;DEUTSCHE TELEKOM;OTHER;;
19050011;DEUTSCHE TELEKOM;OTHER;;
19050011;DEUTSCHE TELEKOM;OTHER;;
19050011;DEUTSCHE TELEKOM;OTHER;;
19050011;DEUTSCHE TELEKOM;OTHER;;
19050406;ITOCHU CORPORATION;FIN_REP;;
19050406;ITOCHU CORPORATION;OTHER;;
19050406;ITOCHU CORPORATION;OTHER;;
19050406;ITOCHU CORPORATION;OTHER;;
19050406;ITOCHU CORPORATION;OTHER;;
19050406;ITOCHU CORPORATION;OTHER;;
19052995;ALSTOM;FIN_REP;;
19052995;ALSTOM;OTHER;;
19052995;ALSTOM;OTHER;;
19052995;ALSTOM;OTHER;;
19052995;ALSTOM;OTHER;;
19052995;ALSTOM;OTHER;;
19053695;DANONE;FIN_REP;;
19053695;DANONE;OTHER;;
19053695;DANONE;OTHER;;
19053695;DANONE;OTHER;;
19053695;DANONE;OTHER;;
19053695;DANONE;OTHER;;
19057037;THERMO FISHER SCIENTIFIC INC.;FIN_REP;;
19057037;THERMO FISHER SCIENTIFIC INC.;OTHER;;
19057037;THERMO FISHER SCIENTIFIC INC.;OTHER;;
19057037;THERMO FISHER SCIENTIFIC INC.;OTHER;;
19057037;THERMO FISHER SCIENTIFIC INC.;OTHER;;
19057037;THERMO FISHER SCIENTIFIC INC.;OTHER;;
19060705;NIPPON TELEGRAPH AND TELEPHONE CORPORATION;FIN_REP;;
19060705;NIPPON TELEGRAPH AND TELEPHONE CORPORATION;OTHER;;
19060705;NIPPON TELEGRAPH AND TELEPHONE CORPORATION;OTHER;;
19060705;NIPPON TELEGRAPH AND TELEPHONE CORPORATION;OTHER;;
19060705;NIPPON TELEGRAPH AND TELEPHONE CORPORATION;OTHER;;
19060705;NIPPON TELEGRAPH AND TELEPHONE CORPORATION;OTHER;;
19061929;ZHEJIANG GEELY HOLDING GROUP CO LTD;FIN_REP;;
19061929;ZHEJIANG GEELY HOLDING GROUP CO LTD;OTHER;;
19061929;ZHEJIANG GEELY HOLDING GROUP CO LTD;OTHER;;
19061929;ZHEJIANG GEELY HOLDING GROUP CO LTD;OTHER;;
19061929;ZHEJIANG GEELY HOLDING GROUP CO LTD;OTHER;;
19061929;ZHEJIANG GEELY HOLDING GROUP CO LTD;OTHER;;
19063169;DEUTSCHE POST;FIN_REP;;
19063169;DEUTSCHE POST;OTHER;;
19063169;DEUTSCHE POST;OTHER;;
19063169;DEUTSCHE POST;OTHER;;
19063169;DEUTSCHE POST;OTHER;;
19063169;DEUTSCHE POST;OTHER;;
19063238;ACCENTURE PLC;FIN_REP;;
19063238;ACCENTURE PLC;OTHER;;
19063238;ACCENTURE PLC;OTHER;;
19063238;ACCENTURE PLC;OTHER;;
19063238;ACCENTURE PLC;OTHER;;
19063238;ACCENTURE PLC;OTHER;;
19071003;SCHAEFFLER;FIN_REP;;
19071003;SCHAEFFLER;OTHER;;
19071003;SCHAEFFLER;OTHER;;
19071003;SCHAEFFLER;OTHER;;
19071003;SCHAEFFLER;OTHER;;
19071003;SCHAEFFLER;OTHER;;
19078026;SINOCHEM;FIN_REP;;
19078026;SINOCHEM;OTHER;;
19078026;SINOCHEM;OTHER;;
19078026;SINOCHEM;OTHER;;
19078026;SINOCHEM;OTHER;;
19078026;SINOCHEM;OTHER;;
19078254;BOUYGUES;FIN_REP;;
19078254;BOUYGUES;OTHER;;
19078254;BOUYGUES;OTHER;;
19078254;BOUYGUES;OTHER;;
19078254;BOUYGUES;OTHER;;
19078254;BOUYGUES;OTHER;;
19081380;EDP;FIN_REP;;
19081380;EDP;OTHER;;
19081380;EDP;OTHER;;
19081380;EDP;OTHER;;
19081380;EDP;OTHER;;
19081380;EDP;OTHER;;
19089102;NOVARTIS AG;FIN_REP;;
19089102;NOVARTIS AG;OTHER;;
19089102;NOVARTIS AG;OTHER;;
19089102;NOVARTIS AG;OTHER;;
19089102;NOVARTIS AG;OTHER;;
19089102;NOVARTIS AG;OTHER;;
19098069;EXXON MOBIL CORP;FIN_REP;;
19098069;EXXON MOBIL CORP;OTHER;;
19098069;EXXON MOBIL CORP;OTHER;;
19098069;EXXON MOBIL CORP;OTHER;;
19098069;EXXON MOBIL CORP;OTHER;;
19098069;EXXON MOBIL CORP;OTHER;;
19098782;HENKEL KGAA;FIN_REP;;
19098782;HENKEL KGAA;OTHER;;
19098782;HENKEL KGAA;OTHER;;
19098782;HENKEL KGAA;OTHER;;
19098782;HENKEL KGAA;OTHER;;
19098782;HENKEL KGAA;OTHER;;
19103593;D IETEREN GROUP;FIN_REP;;
19103593;D IETEREN GROUP;OTHER;;
19103593;D IETEREN GROUP;OTHER;;
19103593;D IETEREN GROUP;OTHER;;
19103593;D IETEREN GROUP;OTHER;;
19103593;D IETEREN GROUP;OTHER;;
19106201;HEINEKEN;FIN_REP;;
19106201;HEINEKEN;OTHER;;
19106201;HEINEKEN;OTHER;;
19106201;HEINEKEN;OTHER;;
19106201;HEINEKEN;OTHER;;
19106201;HEINEKEN;OTHER;;
19112336;INDITEX;FIN_REP;;
19112336;INDITEX;OTHER;;
19112336;INDITEX;OTHER;;
19112336;INDITEX;OTHER;;
19112336;INDITEX;OTHER;;
19112336;INDITEX;OTHER;;
19118622;IBERDROLA;FIN_REP;;
19118622;IBERDROLA;OTHER;;
19118622;IBERDROLA;OTHER;;
19118622;IBERDROLA;OTHER;;
19118622;IBERDROLA;OTHER;;
19118622;IBERDROLA;OTHER;;
19143810;JOHN SWIRE & SONS LIMITED;FIN_REP;;
19143810;JOHN SWIRE & SONS LIMITED;OTHER;;
19143810;JOHN SWIRE & SONS LIMITED;OTHER;;
19143810;JOHN SWIRE & SONS LIMITED;OTHER;;
19143810;JOHN SWIRE & SONS LIMITED;OTHER;;
19143810;JOHN SWIRE & SONS LIMITED;OTHER;;
19145378;ESSITY;FIN_REP;;
19145378;ESSITY;OTHER;;
19145378;ESSITY;OTHER;;
19145378;ESSITY;OTHER;;
19145378;ESSITY;OTHER;;
19145378;ESSITY;OTHER;;
19149741;LEONARDO SOCIETA PER AZIONI;FIN_REP;;
19149741;LEONARDO SOCIETA PER AZIONI;OTHER;;
19149741;LEONARDO SOCIETA PER AZIONI;OTHER;;
19149741;LEONARDO SOCIETA PER AZIONI;OTHER;;
19149741;LEONARDO SOCIETA PER AZIONI;OTHER;;
19149741;LEONARDO SOCIETA PER AZIONI;OTHER;;
19157606;BOSCH;FIN_REP;;
19157606;BOSCH;OTHER;;
19157606;BOSCH;OTHER;;
19157606;BOSCH;OTHER;;
19157606;BOSCH;OTHER;;
19157606;BOSCH;OTHER;;
19159067;DELL TECHNOLOGIES INC.;FIN_REP;;
19159067;DELL TECHNOLOGIES INC.;OTHER;;
19159067;DELL TECHNOLOGIES INC.;OTHER;;
19159067;DELL TECHNOLOGIES INC.;OTHER;;
19159067;DELL TECHNOLOGIES INC.;OTHER;;
19159067;DELL TECHNOLOGIES INC.;OTHER;;
19159307;INTERTEK GROUP PLC;FIN_REP;;
19159307;INTERTEK GROUP PLC;OTHER;;
19159307;INTERTEK GROUP PLC;OTHER;;
19159307;INTERTEK GROUP PLC;OTHER;;
19159307;INTERTEK GROUP PLC;OTHER;;
19159307;INTERTEK GROUP PLC;OTHER;;
19174661;ESSILORLUXOTTICA;FIN_REP;;
19174661;ESSILORLUXOTTICA;OTHER;;
19174661;ESSILORLUXOTTICA;OTHER;;
19174661;ESSILORLUXOTTICA;OTHER;;
19174661;ESSILORLUXOTTICA;OTHER;;
19174661;ESSILORLUXOTTICA;OTHER;;
19187838;ALPHABET INC.;FIN_REP;;
19187838;ALPHABET INC.;OTHER;;
19187838;ALPHABET INC.;OTHER;;
19187838;ALPHABET INC.;OTHER;;
19187838;ALPHABET INC.;OTHER;;
19187838;ALPHABET INC.;OTHER;;
19191179;MARUBENI CORPORATION;FIN_REP;;
19191179;MARUBENI CORPORATION;OTHER;;
19191179;MARUBENI CORPORATION;OTHER;;
19191179;MARUBENI CORPORATION;OTHER;;
19191179;MARUBENI CORPORATION;OTHER;;
19191179;MARUBENI CORPORATION;OTHER;;
19191444;RELX PLC;FIN_REP;;
19191444;RELX PLC;OTHER;;
19191444;RELX PLC;OTHER;;
19191444;RELX PLC;OTHER;;
19191444;RELX PLC;OTHER;;
19191444;RELX PLC;OTHER;;
19191498;BOLLORE PARTICIPATIONS SE;FIN_REP;;
19191498;BOLLORE PARTICIPATIONS SE;OTHER;;
19191498;BOLLORE PARTICIPATIONS SE;OTHER;;
19191498;BOLLORE PARTICIPATIONS SE;OTHER;;
19191498;BOLLORE PARTICIPATIONS SE;OTHER;;
19191498;BOLLORE PARTICIPATIONS SE;OTHER;;
19192598;JOHNSON & JOHNSON;FIN_REP;;
19192598;JOHNSON & JOHNSON;OTHER;;
19192598;JOHNSON & JOHNSON;OTHER;;
19192598;JOHNSON & JOHNSON;OTHER;;
19192598;JOHNSON & JOHNSON;OTHER;;
19192598;JOHNSON & JOHNSON;OTHER;;
19196807;CARREFOUR;FIN_REP;;
19196807;CARREFOUR;OTHER;;
19196807;CARREFOUR;OTHER;;
19196807;CARREFOUR;OTHER;;
19196807;CARREFOUR;OTHER;;
19196807;CARREFOUR;OTHER;;
19201457;ALFA LAVAL AB;FIN_REP;;
19201457;ALFA LAVAL AB;OTHER;;
19201457;ALFA LAVAL AB;OTHER;;
19201457;ALFA LAVAL AB;OTHER;;
19201457;ALFA LAVAL AB;OTHER;;
19201457;ALFA LAVAL AB;OTHER;;
19206259;SGS;FIN_REP;;
19206259;SGS;OTHER;;
19206259;SGS;OTHER;;
19206259;SGS;OTHER;;
19206259;SGS;OTHER;;
19206259;SGS;OTHER;;
19216371;COMPAGNIE GENERALE DES ETABLISSEMENTS MICHELIN;FIN_REP;;
19216371;COMPAGNIE GENERALE DES ETABLISSEMENTS MICHELIN;OTHER;;
19216371;COMPAGNIE GENERALE DES ETABLISSEMENTS MICHELIN;OTHER;;
19216371;COMPAGNIE GENERALE DES ETABLISSEMENTS MICHELIN;OTHER;;
19216371;COMPAGNIE GENERALE DES ETABLISSEMENTS MICHELIN;OTHER;;
19216371;COMPAGNIE GENERALE DES ETABLISSEMENTS MICHELIN;OTHER;;
19217026;HITACHI LTD;FIN_REP;;
19217026;HITACHI LTD;OTHER;;
19217026;HITACHI LTD;OTHER;;
19217026;HITACHI LTD;OTHER;;
19217026;HITACHI LTD;OTHER;;
19217026;HITACHI LTD;OTHER;;
19226059;HOLCIM AG;FIN_REP;;
19226059;HOLCIM AG;OTHER;;
19226059;HOLCIM AG;OTHER;;
19226059;HOLCIM AG;OTHER;;
19226059;HOLCIM AG;OTHER;;
19226059;HOLCIM AG;OTHER;;
19231130;SCHNEIDER ELECTRIC SE;FIN_REP;;
19231130;SCHNEIDER ELECTRIC SE;OTHER;;
19231130;SCHNEIDER ELECTRIC SE;OTHER;;
19231130;SCHNEIDER ELECTRIC SE;OTHER;;
19231130;SCHNEIDER ELECTRIC SE;OTHER;;
19231130;SCHNEIDER ELECTRIC SE;OTHER;;
19233882;EUROFINS SCIENTIFIC;FIN_REP;;
19233882;EUROFINS SCIENTIFIC;OTHER;;
19233882;EUROFINS SCIENTIFIC;OTHER;;
19233882;EUROFINS SCIENTIFIC;OTHER;;
19233882;EUROFINS SCIENTIFIC;OTHER;;
19233882;EUROFINS SCIENTIFIC;OTHER;;
19234151;REPSOL;FIN_REP;;
19234151;REPSOL;OTHER;;
19234151;REPSOL;OTHER;;
19234151;REPSOL;OTHER;;
19234151;REPSOL;OTHER;;
19234151;REPSOL;OTHER;;
19238855;ANHEUSER-BUSCH INBEV;FIN_REP;;
19238855;ANHEUSER-BUSCH INBEV;OTHER;;
19238855;ANHEUSER-BUSCH INBEV;OTHER;;
19238855;ANHEUSER-BUSCH INBEV;OTHER;;
19238855;ANHEUSER-BUSCH INBEV;OTHER;;
19238855;ANHEUSER-BUSCH INBEV;OTHER;;
19245907;SAMSUNG ELECTRONICS CO. LTD.;FIN_REP;;
19245907;SAMSUNG ELECTRONICS CO. LTD.;OTHER;;
19245907;SAMSUNG ELECTRONICS CO. LTD.;OTHER;;
19245907;SAMSUNG ELECTRONICS CO. LTD.;OTHER;;
19245907;SAMSUNG ELECTRONICS CO. LTD.;OTHER;;
19245907;SAMSUNG ELECTRONICS CO. LTD.;OTHER;;
19249932;NOVO NORDISK;FIN_REP;;
19249932;NOVO NORDISK;OTHER;;
19249932;NOVO NORDISK;OTHER;;
19249932;NOVO NORDISK;OTHER;;
19249932;NOVO NORDISK;OTHER;;
19249932;NOVO NORDISK;OTHER;;
19253725;SOLVAY;FIN_REP;;
19253725;SOLVAY;OTHER;;
19253725;SOLVAY;OTHER;;
19253725;SOLVAY;OTHER;;
19253725;SOLVAY;OTHER;;
19253725;SOLVAY;OTHER;;
19258448;BERTELSMANN STIFTUNG;FIN_REP;;
19258448;BERTELSMANN STIFTUNG;OTHER;;
19258448;BERTELSMANN STIFTUNG;OTHER;;
19258448;BERTELSMANN STIFTUNG;OTHER;;
19258448;BERTELSMANN STIFTUNG;OTHER;;
19258448;BERTELSMANN STIFTUNG;OTHER;;
19261077;ASTRAZENECA PLC;FIN_REP;;
19261077;ASTRAZENECA PLC;OTHER;;
19261077;ASTRAZENECA PLC;OTHER;;
19261077;ASTRAZENECA PLC;OTHER;;
19261077;ASTRAZENECA PLC;OTHER;;
19261077;ASTRAZENECA PLC;OTHER;;
19264134;ISS A/S;FIN_REP;;
19264134;ISS A/S;OTHER;;
19264134;ISS A/S;OTHER;;
19264134;ISS A/S;OTHER;;
19264134;ISS A/S;OTHER;;
19264134;ISS A/S;OTHER;;
19266518;WIENERBERGER GROUP;FIN_REP;;
19266518;WIENERBERGER GROUP;OTHER;;
19266518;WIENERBERGER GROUP;OTHER;;
19266518;WIENERBERGER GROUP;OTHER;;
19266518;WIENERBERGER GROUP;OTHER;;
19266518;WIENERBERGER GROUP;OTHER;;
19275814;VESTAS WIND SYSTEMS A/S;FIN_REP;;
19275814;VESTAS WIND SYSTEMS A/S;OTHER;;
19275814;VESTAS WIND SYSTEMS A/S;OTHER;;
19275814;VESTAS WIND SYSTEMS A/S;OTHER;;
19275814;VESTAS WIND SYSTEMS A/S;OTHER;;
19275814;VESTAS WIND SYSTEMS A/S;OTHER;;
19276100;YARA INTERNATIONAL ASA;FIN_REP;;
19276100;YARA INTERNATIONAL ASA;OTHER;;
19276100;YARA INTERNATIONAL ASA;OTHER;;
19276100;YARA INTERNATIONAL ASA;OTHER;;
19276100;YARA INTERNATIONAL ASA;OTHER;;
19276100;YARA INTERNATIONAL ASA;OTHER;;
19286023;MITSUBISHI CORPORATION;FIN_REP;;
19286023;MITSUBISHI CORPORATION;OTHER;;
19286023;MITSUBISHI CORPORATION;OTHER;;
19286023;MITSUBISHI CORPORATION;OTHER;;
19286023;MITSUBISHI CORPORATION;OTHER;;
19286023;MITSUBISHI CORPORATION;OTHER;;
19287986;ZF FRIEDRICHSHAFEN;FIN_REP;;
19287986;ZF FRIEDRICHSHAFEN;OTHER;;
19287986;ZF FRIEDRICHSHAFEN;OTHER;;
19287986;ZF FRIEDRICHSHAFEN;OTHER;;
19287986;ZF FRIEDRICHSHAFEN;OTHER;;
19287986;ZF FRIEDRICHSHAFEN;OTHER;;
19297963;KRKA TOVARNA ZDRAVIL DD NOVO MESTO;FIN_REP;;
19297963;KRKA TOVARNA ZDRAVIL DD NOVO MESTO;OTHER;;
19297963;KRKA TOVARNA ZDRAVIL DD NOVO MESTO;OTHER;;
19297963;KRKA TOVARNA ZDRAVIL DD NOVO MESTO;OTHER;;
19297963;KRKA TOVARNA ZDRAVIL DD NOVO MESTO;OTHER;;
19297963;KRKA TOVARNA ZDRAVIL DD NOVO MESTO;OTHER;;
19300811;PRYSMIAN S.P.A.;FIN_REP;;
19300811;PRYSMIAN S.P.A.;OTHER;;
19300811;PRYSMIAN S.P.A.;OTHER;;
19300811;PRYSMIAN S.P.A.;OTHER;;
19300811;PRYSMIAN S.P.A.;OTHER;;
19300811;PRYSMIAN S.P.A.;OTHER;;
19312144;CANON INCORPORATED;FIN_REP;;
19312144;CANON INCORPORATED;OTHER;;
19312144;CANON INCORPORATED;OTHER;;
19312144;CANON INCORPORATED;OTHER;;
19312144;CANON INCORPORATED;OTHER;;
19312144;CANON INCORPORATED;OTHER;;
19313683;STANLEY BLACK & DECKER INC.;FIN_REP;;
19313683;STANLEY BLACK & DECKER INC.;OTHER;;
19313683;STANLEY BLACK & DECKER INC.;OTHER;;
19313683;STANLEY BLACK & DECKER INC.;OTHER;;
19313683;STANLEY BLACK & DECKER INC.;OTHER;;
19313683;STANLEY BLACK & DECKER INC.;OTHER;;
19314055;NORSK HYDRO ASA;FIN_REP;;
19314055;NORSK HYDRO ASA;OTHER;;
19314055;NORSK HYDRO ASA;OTHER;;
19314055;NORSK HYDRO ASA;OTHER;;
19314055;NORSK HYDRO ASA;OTHER;;
19314055;NORSK HYDRO ASA;OTHER;;
19331837;EDIZIONE;FIN_REP;;
19331837;EDIZIONE;OTHER;;
19331837;EDIZIONE;OTHER;;
19331837;EDIZIONE;OTHER;;
19331837;EDIZIONE;OTHER;;
19331837;EDIZIONE;OTHER;;
19340550;VINCI;FIN_REP;;
19340550;VINCI;OTHER;;
19340550;VINCI;OTHER;;
19340550;VINCI;OTHER;;
19340550;VINCI;OTHER;;
19340550;VINCI;OTHER;;
19344352;KUEHNE NAGEL;FIN_REP;;
19344352;KUEHNE NAGEL;OTHER;;
19344352;KUEHNE NAGEL;OTHER;;
19344352;KUEHNE NAGEL;OTHER;;
19344352;KUEHNE NAGEL;OTHER;;
19344352;KUEHNE NAGEL;OTHER;;
19346455;STRABAG GROUP;FIN_REP;;
19346455;STRABAG GROUP;OTHER;;
19346455;STRABAG GROUP;OTHER;;
19346455;STRABAG GROUP;OTHER;;
19346455;STRABAG GROUP;OTHER;;
19346455;STRABAG GROUP;OTHER;;
19414796;ATLAS UK BIDCO LIMITED;FIN_REP;;
19414796;ATLAS UK BIDCO LIMITED;OTHER;;
19414796;ATLAS UK BIDCO LIMITED;OTHER;;
19414796;ATLAS UK BIDCO LIMITED;OTHER;;
19414796;ATLAS UK BIDCO LIMITED;OTHER;;
19414796;ATLAS UK BIDCO LIMITED;OTHER;;
20016646;UNILEVER PLC;FIN_REP;;
20016646;UNILEVER PLC;OTHER;;
20016646;UNILEVER PLC;OTHER;;
20016646;UNILEVER PLC;OTHER;;
20016646;UNILEVER PLC;OTHER;;
20016646;UNILEVER PLC;OTHER;;
20029695;PROSEGUR;FIN_REP;;
20029695;PROSEGUR;OTHER;;
20029695;PROSEGUR;OTHER;;
20029695;PROSEGUR;OTHER;;
20029695;PROSEGUR;OTHER;;
20029695;PROSEGUR;OTHER;;
20083504;EATON CORPORATION PLC;FIN_REP;;
20083504;EATON CORPORATION PLC;OTHER;;
20083504;EATON CORPORATION PLC;OTHER;;
20083504;EATON CORPORATION PLC;OTHER;;
20083504;EATON CORPORATION PLC;OTHER;;
20083504;EATON CORPORATION PLC;OTHER;;
20321242;ANDRITZ GROUP;FIN_REP;;
20321242;ANDRITZ GROUP;OTHER;;
20321242;ANDRITZ GROUP;OTHER;;
20321242;ANDRITZ GROUP;OTHER;;
20321242;ANDRITZ GROUP;OTHER;;
20321242;ANDRITZ GROUP;OTHER;;
20336161;ASSECO;FIN_REP;;
20336161;ASSECO;OTHER;;
20336161;ASSECO;OTHER;;
20336161;ASSECO;OTHER;;
20336161;ASSECO;OTHER;;
20336161;ASSECO;OTHER;;
20344223;ELECTRICITE DE FRANCE;FIN_REP;;
20344223;ELECTRICITE DE FRANCE;OTHER;;
20344223;ELECTRICITE DE FRANCE;OTHER;;
20344223;ELECTRICITE DE FRANCE;OTHER;;
20344223;ELECTRICITE DE FRANCE;OTHER;;
20344223;ELECTRICITE DE FRANCE;OTHER;;
20345723;A.P. MOLLER - MAERSK;FIN_REP;;
20345723;A.P. MOLLER - MAERSK;OTHER;;
20345723;A.P. MOLLER - MAERSK;OTHER;;
20345723;A.P. MOLLER - MAERSK;OTHER;;
20345723;A.P. MOLLER - MAERSK;OTHER;;
20345723;A.P. MOLLER - MAERSK;OTHER;;
20397226;L OREAL;FIN_REP;;
20397226;L OREAL;OTHER;;
20397226;L OREAL;OTHER;;
20397226;L OREAL;OTHER;;
20397226;L OREAL;OTHER;;
20397226;L OREAL;OTHER;;
20449369;CARLSBERG A/S;FIN_REP;;
20449369;CARLSBERG A/S;OTHER;;
20449369;CARLSBERG A/S;OTHER;;
20449369;CARLSBERG A/S;OTHER;;
20449369;CARLSBERG A/S;OTHER;;
20449369;CARLSBERG A/S;OTHER;;
20530530;STELLANTIS;FIN_REP;;
20530530;STELLANTIS;OTHER;;
20530530;STELLANTIS;OTHER;;
20530530;STELLANTIS;OTHER;;
20530530;STELLANTIS;OTHER;;
20530530;STELLANTIS;OTHER;;